,mean_temperature,particle_size,ignition,density,wind_speed,CTANN,heater_lead_angle
27445,559.0,0.2346938775510204,False,282,0.5,0.081,0
3300,318.0,0.0625,False,282,0.5,0.081,0
3075,315.5,0.15816326530612246,False,282,0.5,0.081,0
22277,507.5,0.16581632653061223,False,282,0.5,0.081,0
2008,305.0,0.09311224489795919,False,282,0.5,0.081,0
25398,538.5,0.24617346938775508,False,282,0.5,0.081,0
8990,374.5,0.21556122448979592,False,282,0.5,0.081,0
25588,540.5,0.20790816326530612,False,282,0.5,0.081,0
21134,496.0,0.19260204081632654,False,282,0.5,0.081,0
1024,295.0,0.15433673469387754,False,282,0.5,0.081,0
4793,332.5,0.22704081632653061,False,282,0.5,0.081,0
632,291.0,0.18494897959183673,False,282,0.5,0.081,0
4522,330.0,0.14668367346938777,False,282,0.5,0.081,0
16397,448.5,0.2423469387755102,False,282,0.5,0.081,0
19075,475.5,0.15816326530612246,False,282,0.5,0.081,0
20988,494.5,0.20790816326530612,False,282,0.5,0.081,0
20696,491.5,0.2385204081632653,False,282,0.5,0.081,0
12506,410.0,0.08545918367346939,False,282,0.5,0.081,0
759,292.5,0.09693877551020408,False,282,0.5,0.081,0
23594,520.5,0.2308673469387755,False,282,0.5,0.081,0
5044,335.0,0.2308673469387755,False,282,0.5,0.081,0
13525,420.0,0.15816326530612246,False,282,0.5,0.081,0
23130,516.0,0.17729591836734693,False,282,0.5,0.081,0
4562,330.5,0.10841836734693877,False,282,0.5,0.081,0
26495,549.5,0.2346938775510204,False,282,0.5,0.081,0
12208,407.0,0.09311224489795919,False,282,0.5,0.081,0
860,293.5,0.10076530612244898,False,282,0.5,0.081,0
1432,299.0,0.18494897959183673,False,282,0.5,0.081,0
9560,380.5,0.10076530612244898,False,282,0.5,0.081,0
2736,312.0,0.2002551020408163,False,282,0.5,0.081,0
9650,381.5,0.0625,False,282,0.5,0.081,0
9875,383.5,0.15816326530612246,False,282,0.5,0.081,0
7458,359.5,0.09311224489795919,False,282,0.5,0.081,0
9474,379.5,0.15433673469387754,False,282,0.5,0.081,0
27141,556.0,0.2193877551020408,False,282,0.5,0.081,0
20324,488.0,0.15433673469387754,False,282,0.5,0.081,0
20273,487.5,0.15051020408163265,False,282,0.5,0.081,0
5325,338.0,0.15816326530612246,False,282,0.5,0.081,0
203,287.0,0.07397959183673469,False,282,0.5,0.081,0
18988,474.5,0.20790816326530612,False,282,0.5,0.081,0
2672,311.5,0.14668367346938777,False,282,0.5,0.081,0
4660,331.5,0.10076530612244898,False,282,0.5,0.081,0
10035,385.0,0.19642857142857142,False,282,0.5,0.081,0
6809,353.0,0.09693877551020408,False,282,0.5,0.081,0
13480,419.5,0.17729591836734693,False,282,0.5,0.081,0
15196,436.5,0.2385204081632653,False,282,0.5,0.081,0
11977,404.5,0.16581632653061223,False,282,0.5,0.081,0
4319,328.0,0.13520408163265307,False,282,0.5,0.081,0
19991,484.5,0.2193877551020408,False,282,0.5,0.081,0
4775,332.5,0.15816326530612246,False,282,0.5,0.081,0
27049,555.0,0.25,False,282,0.5,0.081,0
3449,319.0,0.25,False,282,0.5,0.081,0
14991,434.5,0.2193877551020408,False,282,0.5,0.081,0
8585,370.5,0.19642857142857142,False,282,0.5,0.081,0
14738,432.0,0.20790816326530612,False,282,0.5,0.081,0
12091,405.5,0.2193877551020408,False,282,0.5,0.081,0
15099,435.5,0.25,False,282,0.5,0.081,0
908,294.0,0.09311224489795919,False,282,0.5,0.081,0
3799,322.5,0.25,False,282,0.5,0.081,0
7335,358.0,0.19642857142857142,False,282,0.5,0.081,0
23826,523.0,0.16198979591836735,False,282,0.5,0.081,0
19799,482.5,0.25,False,282,0.5,0.081,0
16972,454.5,0.14668367346938777,False,282,0.5,0.081,0
2130,306.0,0.17729591836734693,False,282,0.5,0.081,0
10057,385.5,0.08928571428571429,False,282,0.5,0.081,0
5473,339.5,0.15051020408163265,False,282,0.5,0.081,0
7497,359.5,0.2423469387755102,False,282,0.5,0.081,0
13148,416.0,0.24617346938775508,False,282,0.5,0.081,0
24188,526.5,0.20790816326530612,False,282,0.5,0.081,0
24398,528.5,0.24617346938775508,False,282,0.5,0.081,0
5012,335.0,0.10841836734693877,False,282,0.5,0.081,0
3465,319.5,0.11989795918367346,False,282,0.5,0.081,0
2980,314.5,0.17729591836734693,False,282,0.5,0.081,0
8381,368.5,0.18112244897959184,False,282,0.5,0.081,0
7816,363.0,0.12372448979591837,False,282,0.5,0.081,0
14434,429.0,0.19260204081632654,False,282,0.5,0.081,0
78,285.5,0.16964285714285715,False,282,0.5,0.081,0
9161,376.5,0.10459183673469388,False,282,0.5,0.081,0
9330,378.0,0.17729591836734693,False,282,0.5,0.081,0
12987,414.5,0.20408163265306123,False,282,0.5,0.081,0
1973,304.5,0.15051020408163265,False,282,0.5,0.081,0
5902,344.0,0.07015306122448979,False,282,0.5,0.081,0
17321,458.0,0.14285714285714285,False,282,0.5,0.081,0
16381,448.5,0.18112244897959184,False,282,0.5,0.081,0
18577,470.5,0.16581632653061223,False,282,0.5,0.081,0
17514,460.0,0.11607142857142858,False,282,0.5,0.081,0
6289,347.5,0.211734693877551,False,282,0.5,0.081,0
6580,350.5,0.17729591836734693,False,282,0.5,0.081,0
16873,453.5,0.15051020408163265,False,282,0.5,0.081,0
3167,316.5,0.12755102040816327,False,282,0.5,0.081,0
26036,545.0,0.2002551020408163,False,282,0.5,0.081,0
1899,303.5,0.25,False,282,0.5,0.081,0
24245,527.0,0.2346938775510204,False,282,0.5,0.081,0
22377,508.5,0.16581632653061223,False,282,0.5,0.081,0
19182,476.5,0.18494897959183673,False,282,0.5,0.081,0
7937,364.0,0.20408163265306123,False,282,0.5,0.081,0
11091,395.5,0.2193877551020408,False,282,0.5,0.081,0
18993,474.5,0.22704081632653061,False,282,0.5,0.081,0
11476,399.5,0.16198979591836735,False,282,0.5,0.081,0
13791,422.5,0.2193877551020408,False,282,0.5,0.081,0
11831,403.0,0.18112244897959184,False,282,0.5,0.081,0
22479,509.5,0.17346938775510204,False,282,0.5,0.081,0
5862,343.5,0.10841836734693877,False,282,0.5,0.081,0
20393,488.5,0.22704081632653061,False,282,0.5,0.081,0
95,285.5,0.2346938775510204,False,282,0.5,0.081,0
8851,373.5,0.0663265306122449,False,282,0.5,0.081,0
7036,355.0,0.2002551020408163,False,282,0.5,0.081,0
25230,537.0,0.17729591836734693,False,282,0.5,0.081,0
1031,295.0,0.18112244897959184,False,282,0.5,0.081,0
19526,480.0,0.16198979591836735,False,282,0.5,0.081,0
20395,488.5,0.2346938775510204,False,282,0.5,0.081,0
5651,341.5,0.0663265306122449,False,282,0.5,0.081,0
4171,326.5,0.14285714285714285,False,282,0.5,0.081,0
8667,371.5,0.12755102040816327,False,282,0.5,0.081,0
1965,304.5,0.11989795918367346,False,282,0.5,0.081,0
16127,446.0,0.16581632653061223,False,282,0.5,0.081,0
4088,325.5,0.20790816326530612,False,282,0.5,0.081,0
5620,341.0,0.13903061224489796,False,282,0.5,0.081,0
16292,447.5,0.2232142857142857,False,282,0.5,0.081,0
3099,315.5,0.25,False,282,0.5,0.081,0
24888,533.5,0.20790816326530612,False,282,0.5,0.081,0
26535,550.0,0.19642857142857142,False,282,0.5,0.081,0
10112,386.0,0.10841836734693877,False,282,0.5,0.081,0
22275,507.5,0.15816326530612246,False,282,0.5,0.081,0
15781,442.5,0.18112244897959184,False,282,0.5,0.081,0
27448,559.0,0.24617346938775508,False,282,0.5,0.081,0
9696,381.5,0.2385204081632653,False,282,0.5,0.081,0
12998,414.5,0.24617346938775508,False,282,0.5,0.081,0
22027,505.0,0.16581632653061223,False,282,0.5,0.081,0
10482,389.5,0.18494897959183673,False,282,0.5,0.081,0
18272,467.5,0.14668367346938777,False,282,0.5,0.081,0
9189,376.5,0.211734693877551,False,282,0.5,0.081,0
13513,420.0,0.11224489795918367,False,282,0.5,0.081,0
8820,373.0,0.13903061224489796,False,282,0.5,0.081,0
10974,394.5,0.15433673469387754,False,282,0.5,0.081,0
4493,329.5,0.22704081632653061,False,282,0.5,0.081,0
10976,394.5,0.16198979591836735,False,282,0.5,0.081,0
10217,387.0,0.12755102040816327,False,282,0.5,0.081,0
2380,308.5,0.17729591836734693,False,282,0.5,0.081,0
13833,423.0,0.18877551020408162,False,282,0.5,0.081,0
11943,404.0,0.22704081632653061,False,282,0.5,0.081,0
10936,394.0,0.2002551020408163,False,282,0.5,0.081,0
17595,460.5,0.2346938775510204,False,282,0.5,0.081,0
7906,364.0,0.08545918367346939,False,282,0.5,0.081,0
20232,487.0,0.18494897959183673,False,282,0.5,0.081,0
26184,546.5,0.19260204081632654,False,282,0.5,0.081,0
22933,514.0,0.18877551020408162,False,282,0.5,0.081,0
22033,505.0,0.18877551020408162,False,282,0.5,0.081,0
4496,329.5,0.2385204081632653,False,282,0.5,0.081,0
5436,339.0,0.2002551020408163,False,282,0.5,0.081,0
12319,408.0,0.13520408163265307,False,282,0.5,0.081,0
19422,479.0,0.14668367346938777,False,282,0.5,0.081,0
428,289.0,0.16964285714285715,False,282,0.5,0.081,0
17029,455.0,0.17346938775510204,False,282,0.5,0.081,0
24833,533.0,0.18877551020408162,False,282,0.5,0.081,0
13416,419.0,0.12372448979591837,False,282,0.5,0.081,0
11006,395.0,0.08545918367346939,False,282,0.5,0.081,0
7265,357.5,0.11989795918367346,False,282,0.5,0.081,0
15588,440.5,0.20790816326530612,False,282,0.5,0.081,0
6713,352.0,0.11224489795918367,False,282,0.5,0.081,0
14075,425.5,0.15816326530612246,False,282,0.5,0.081,0
4241,327.0,0.2193877551020408,False,282,0.5,0.081,0
15314,438.0,0.11607142857142858,False,282,0.5,0.081,0
187,286.5,0.20408163265306123,False,282,0.5,0.081,0
3556,320.5,0.08545918367346939,False,282,0.5,0.081,0
8084,365.5,0.19260204081632654,False,282,0.5,0.081,0
7983,364.5,0.18877551020408162,False,282,0.5,0.081,0
26,285.0,0.16198979591836735,False,282,0.5,0.081,0
15341,438.0,0.2193877551020408,False,282,0.5,0.081,0
606,291.0,0.08545918367346939,False,282,0.5,0.081,0
21621,501.0,0.14285714285714285,False,282,0.5,0.081,0
18921,474.0,0.14285714285714285,False,282,0.5,0.081,0
21032,495.0,0.18494897959183673,False,282,0.5,0.081,0
11232,397.0,0.18494897959183673,False,282,0.5,0.081,0
7065,355.5,0.11989795918367346,False,282,0.5,0.081,0
19443,479.0,0.22704081632653061,False,282,0.5,0.081,0
992,294.5,0.2232142857142857,False,282,0.5,0.081,0
23476,519.5,0.16198979591836735,False,282,0.5,0.081,0
19680,481.5,0.17729591836734693,False,282,0.5,0.081,0
9339,378.0,0.211734693877551,False,282,0.5,0.081,0
18731,472.0,0.18112244897959184,False,282,0.5,0.081,0
21224,497.0,0.15433673469387754,False,282,0.5,0.081,0
11460,399.5,0.10076530612244898,False,282,0.5,0.081,0
10180,386.5,0.17729591836734693,False,282,0.5,0.081,0
7805,363.0,0.0816326530612245,False,282,0.5,0.081,0
13298,417.5,0.24617346938775508,False,282,0.5,0.081,0
17464,459.5,0.11607142857142858,False,282,0.5,0.081,0
13230,417.0,0.17729591836734693,False,282,0.5,0.081,0
18149,466.0,0.25,False,282,0.5,0.081,0
22631,511.0,0.18112244897959184,False,282,0.5,0.081,0
485,289.5,0.19642857142857142,False,282,0.5,0.081,0
16977,454.5,0.16581632653061223,False,282,0.5,0.081,0
22489,509.5,0.211734693877551,False,282,0.5,0.081,0
537,290.0,0.20408163265306123,False,282,0.5,0.081,0
5025,335.0,0.15816326530612246,False,282,0.5,0.081,0
4850,333.5,0.0625,False,282,0.5,0.081,0
4708,332.0,0.09311224489795919,False,282,0.5,0.081,0
21297,497.5,0.2423469387755102,False,282,0.5,0.081,0
10568,390.5,0.13137755102040816,False,282,0.5,0.081,0
12309,408.0,0.09693877551020408,False,282,0.5,0.081,0
3839,323.0,0.211734693877551,False,282,0.5,0.081,0
13440,419.0,0.21556122448979592,False,282,0.5,0.081,0
12032,405.0,0.18494897959183673,False,282,0.5,0.081,0
8465,369.5,0.11989795918367346,False,282,0.5,0.081,0
12597,410.5,0.2423469387755102,False,282,0.5,0.081,0
3119,316.0,0.13520408163265307,False,282,0.5,0.081,0
18182,466.5,0.18494897959183673,False,282,0.5,0.081,0
2397,308.5,0.2423469387755102,False,282,0.5,0.081,0
2710,312.0,0.10076530612244898,False,282,0.5,0.081,0
6302,348.0,0.07015306122448979,False,282,0.5,0.081,0
14246,427.0,0.2385204081632653,False,282,0.5,0.081,0
7090,355.5,0.21556122448979592,False,282,0.5,0.081,0
9617,381.0,0.12755102040816327,False,282,0.5,0.081,0
20749,492.0,0.25,False,282,0.5,0.081,0
14111,426.0,0.10459183673469388,False,282,0.5,0.081,0
2370,308.5,0.13903061224489796,False,282,0.5,0.081,0
12898,413.5,0.24617346938775508,False,282,0.5,0.081,0
6309,348.0,0.09693877551020408,False,282,0.5,0.081,0
7506,360.0,0.08545918367346939,False,282,0.5,0.081,0
12932,414.0,0.18494897959183673,False,282,0.5,0.081,0
18349,468.0,0.25,False,282,0.5,0.081,0
13607,421.0,0.08928571428571429,False,282,0.5,0.081,0
3032,315.0,0.18494897959183673,False,282,0.5,0.081,0
2102,306.0,0.07015306122448979,False,282,0.5,0.081,0
12379,408.5,0.17346938775510204,False,282,0.5,0.081,0
13866,423.5,0.12372448979591837,False,282,0.5,0.081,0
26349,548.0,0.25,False,282,0.5,0.081,0
6006,345.0,0.08545918367346939,False,282,0.5,0.081,0
26631,551.0,0.18112244897959184,False,282,0.5,0.081,0
15321,438.0,0.14285714285714285,False,282,0.5,0.081,0
15745,442.0,0.2346938775510204,False,282,0.5,0.081,0
7536,360.0,0.2002551020408163,False,282,0.5,0.081,0
14095,425.5,0.2346938775510204,False,282,0.5,0.081,0
3681,321.5,0.18112244897959184,False,282,0.5,0.081,0
5419,339.0,0.13520408163265307,False,282,0.5,0.081,0
7841,363.0,0.2193877551020408,False,282,0.5,0.081,0
18631,471.0,0.18112244897959184,False,282,0.5,0.081,0
720,292.0,0.13903061224489796,False,282,0.5,0.081,0
22696,511.5,0.2385204081632653,False,282,0.5,0.081,0
13277,417.5,0.16581632653061223,False,282,0.5,0.081,0
5148,336.0,0.24617346938775508,False,282,0.5,0.081,0
1373,298.5,0.15051020408163265,False,282,0.5,0.081,0
11929,404.0,0.17346938775510204,False,282,0.5,0.081,0
5871,343.5,0.14285714285714285,False,282,0.5,0.081,0
12125,406.0,0.15816326530612246,False,282,0.5,0.081,0
6110,346.0,0.10076530612244898,False,282,0.5,0.081,0
4743,332.0,0.22704081632653061,False,282,0.5,0.081,0
4856,333.5,0.08545918367346939,False,282,0.5,0.081,0
367,288.5,0.12755102040816327,False,282,0.5,0.081,0
10471,389.5,0.14285714285714285,False,282,0.5,0.081,0
2657,311.5,0.08928571428571429,False,282,0.5,0.081,0
14888,433.5,0.20790816326530612,False,282,0.5,0.081,0
9637,381.0,0.20408163265306123,False,282,0.5,0.081,0
15463,439.5,0.11224489795918367,False,282,0.5,0.081,0
13966,424.5,0.12372448979591837,False,282,0.5,0.081,0
8517,370.0,0.12755102040816327,False,282,0.5,0.081,0
14692,431.5,0.2232142857142857,False,282,0.5,0.081,0
9606,381.0,0.08545918367346939,False,282,0.5,0.081,0
14659,431.5,0.09693877551020408,False,282,0.5,0.081,0
11563,400.5,0.11224489795918367,False,282,0.5,0.081,0
12348,408.0,0.24617346938775508,False,282,0.5,0.081,0
1951,304.5,0.0663265306122449,False,282,0.5,0.081,0
17317,458.0,0.12755102040816327,False,282,0.5,0.081,0
20182,486.5,0.18494897959183673,False,282,0.5,0.081,0
8049,365.0,0.25,False,282,0.5,0.081,0
17174,456.5,0.15433673469387754,False,282,0.5,0.081,0
25787,542.5,0.20408163265306123,False,282,0.5,0.081,0
13528,420.0,0.16964285714285715,False,282,0.5,0.081,0
24639,531.0,0.211734693877551,False,282,0.5,0.081,0
23797,522.5,0.2423469387755102,False,282,0.5,0.081,0
21148,496.0,0.24617346938775508,False,282,0.5,0.081,0
4013,325.0,0.11224489795918367,False,282,0.5,0.081,0
3600,321.0,0.0625,False,282,0.5,0.081,0
4440,329.0,0.21556122448979592,False,282,0.5,0.081,0
11688,401.5,0.20790816326530612,False,282,0.5,0.081,0
274,287.5,0.15433673469387754,False,282,0.5,0.081,0
7976,364.5,0.16198979591836735,False,282,0.5,0.081,0
10859,393.5,0.09693877551020408,False,282,0.5,0.081,0
10438,389.0,0.20790816326530612,False,282,0.5,0.081,0
5398,338.5,0.24617346938775508,False,282,0.5,0.081,0
9694,381.5,0.2308673469387755,False,282,0.5,0.081,0
19390,478.5,0.21556122448979592,False,282,0.5,0.081,0
20930,494.0,0.17729591836734693,False,282,0.5,0.081,0
21840,503.0,0.21556122448979592,False,282,0.5,0.081,0
56,285.5,0.08545918367346939,False,282,0.5,0.081,0
19438,479.0,0.20790816326530612,False,282,0.5,0.081,0
11357,398.5,0.08928571428571429,False,282,0.5,0.081,0
9263,377.5,0.11224489795918367,False,282,0.5,0.081,0
12135,406.0,0.19642857142857142,False,282,0.5,0.081,0
13217,417.0,0.12755102040816327,False,282,0.5,0.081,0
63,285.5,0.11224489795918367,False,282,0.5,0.081,0
23296,517.5,0.2385204081632653,False,282,0.5,0.081,0
6411,349.0,0.10459183673469388,False,282,0.5,0.081,0
728,292.0,0.16964285714285715,False,282,0.5,0.081,0
25143,536.0,0.22704081632653061,False,282,0.5,0.081,0
14368,428.5,0.13137755102040816,False,282,0.5,0.081,0
9176,376.5,0.16198979591836735,False,282,0.5,0.081,0
11255,397.5,0.0816326530612245,False,282,0.5,0.081,0
19897,483.5,0.2423469387755102,False,282,0.5,0.081,0
26896,553.5,0.2385204081632653,False,282,0.5,0.081,0
23495,519.5,0.2346938775510204,False,282,0.5,0.081,0
27386,558.5,0.2002551020408163,False,282,0.5,0.081,0
8937,374.0,0.20408163265306123,False,282,0.5,0.081,0
12447,409.0,0.2423469387755102,False,282,0.5,0.081,0
17241,457.0,0.2193877551020408,False,282,0.5,0.081,0
22039,505.0,0.211734693877551,False,282,0.5,0.081,0
9088,375.5,0.20790816326530612,False,282,0.5,0.081,0
2564,310.5,0.11607142857142858,False,282,0.5,0.081,0
17714,462.0,0.11607142857142858,False,282,0.5,0.081,0
19119,476.0,0.13520408163265307,False,282,0.5,0.081,0
18844,473.0,0.2308673469387755,False,282,0.5,0.081,0
349,288.0,0.25,False,282,0.5,0.081,0
1377,298.5,0.16581632653061223,False,282,0.5,0.081,0
20481,489.5,0.18112244897959184,False,282,0.5,0.081,0
4531,330.0,0.18112244897959184,False,282,0.5,0.081,0
12380,408.5,0.17729591836734693,False,282,0.5,0.081,0
16923,454.0,0.15051020408163265,False,282,0.5,0.081,0
4632,331.0,0.18494897959183673,False,282,0.5,0.081,0
16288,447.5,0.20790816326530612,False,282,0.5,0.081,0
15837,443.0,0.20408163265306123,False,282,0.5,0.081,0
850,293.5,0.0625,False,282,0.5,0.081,0
8778,372.5,0.16964285714285715,False,282,0.5,0.081,0
15369,438.5,0.13520408163265307,False,282,0.5,0.081,0
3096,315.5,0.2385204081632653,False,282,0.5,0.081,0
25039,535.0,0.211734693877551,False,282,0.5,0.081,0
18165,466.5,0.11989795918367346,False,282,0.5,0.081,0
21847,503.0,0.2423469387755102,False,282,0.5,0.081,0
21896,503.5,0.2385204081632653,False,282,0.5,0.081,0
13370,418.5,0.13903061224489796,False,282,0.5,0.081,0
5727,342.0,0.16581632653061223,False,282,0.5,0.081,0
26280,547.5,0.17729591836734693,False,282,0.5,0.081,0
2119,306.0,0.13520408163265307,False,282,0.5,0.081,0
13778,422.5,0.16964285714285715,False,282,0.5,0.081,0
1944,304.0,0.2308673469387755,False,282,0.5,0.081,0
26994,554.5,0.2308673469387755,False,282,0.5,0.081,0
14475,429.5,0.15816326530612246,False,282,0.5,0.081,0
12240,407.0,0.21556122448979592,False,282,0.5,0.081,0
15188,436.5,0.20790816326530612,False,282,0.5,0.081,0
9100,376.0,0.0625,False,282,0.5,0.081,0
14939,434.0,0.211734693877551,False,282,0.5,0.081,0
3029,315.0,0.17346938775510204,False,282,0.5,0.081,0
18482,469.5,0.18494897959183673,False,282,0.5,0.081,0
7545,360.0,0.2346938775510204,False,282,0.5,0.081,0
538,290.0,0.20790816326530612,False,282,0.5,0.081,0
4370,328.5,0.13903061224489796,False,282,0.5,0.081,0
12788,412.5,0.20790816326530612,False,282,0.5,0.081,0
16885,453.5,0.19642857142857142,False,282,0.5,0.081,0
5609,341.0,0.09693877551020408,False,282,0.5,0.081,0
21636,501.0,0.2002551020408163,False,282,0.5,0.081,0
3648,321.0,0.24617346938775508,False,282,0.5,0.081,0
17046,455.0,0.2385204081632653,False,282,0.5,0.081,0
22345,508.0,0.2346938775510204,False,282,0.5,0.081,0
7378,358.5,0.16964285714285715,False,282,0.5,0.081,0
11331,398.0,0.18112244897959184,False,282,0.5,0.081,0
20424,489.0,0.15433673469387754,False,282,0.5,0.081,0
12435,409.0,0.19642857142857142,False,282,0.5,0.081,0
12096,405.5,0.2385204081632653,False,282,0.5,0.081,0
18247,467.0,0.2423469387755102,False,282,0.5,0.081,0
21987,504.5,0.20408163265306123,False,282,0.5,0.081,0
21740,502.0,0.21556122448979592,False,282,0.5,0.081,0
11892,403.5,0.2232142857142857,False,282,0.5,0.081,0
2067,305.5,0.12755102040816327,False,282,0.5,0.081,0
11646,401.0,0.2385204081632653,False,282,0.5,0.081,0
9496,379.5,0.2385204081632653,False,282,0.5,0.081,0
6717,352.0,0.12755102040816327,False,282,0.5,0.081,0
18487,469.5,0.20408163265306123,False,282,0.5,0.081,0
518,290.0,0.13137755102040816,False,282,0.5,0.081,0
14311,428.0,0.10459183673469388,False,282,0.5,0.081,0
24889,533.5,0.211734693877551,False,282,0.5,0.081,0
20471,489.5,0.14285714285714285,False,282,0.5,0.081,0
15271,437.5,0.14285714285714285,False,282,0.5,0.081,0
15566,440.5,0.12372448979591837,False,282,0.5,0.081,0
8570,370.5,0.13903061224489796,False,282,0.5,0.081,0
4998,334.5,0.24617346938775508,False,282,0.5,0.081,0
19691,481.5,0.2193877551020408,False,282,0.5,0.081,0
7547,360.0,0.2423469387755102,False,282,0.5,0.081,0
17494,459.5,0.2308673469387755,False,282,0.5,0.081,0
21526,500.0,0.16198979591836735,False,282,0.5,0.081,0
2155,306.5,0.0816326530612245,False,282,0.5,0.081,0
14772,432.5,0.14668367346938777,False,282,0.5,0.081,0
24092,525.5,0.2232142857142857,False,282,0.5,0.081,0
16720,452.0,0.13903061224489796,False,282,0.5,0.081,0
15222,437.0,0.14668367346938777,False,282,0.5,0.081,0
15711,442.0,0.10459183673469388,False,282,0.5,0.081,0
17198,456.5,0.24617346938775508,False,282,0.5,0.081,0
17877,463.5,0.16581632653061223,False,282,0.5,0.081,0
24478,529.5,0.16964285714285715,False,282,0.5,0.081,0
11508,400.0,0.09311224489795919,False,282,0.5,0.081,0
25538,540.0,0.20790816326530612,False,282,0.5,0.081,0
13997,424.5,0.2423469387755102,False,282,0.5,0.081,0
340,288.0,0.21556122448979592,False,282,0.5,0.081,0
16179,446.5,0.17346938775510204,False,282,0.5,0.081,0
6263,347.5,0.11224489795918367,False,282,0.5,0.081,0
7243,357.0,0.22704081632653061,False,282,0.5,0.081,0
531,290.0,0.18112244897959184,False,282,0.5,0.081,0
20684,491.5,0.19260204081632654,False,282,0.5,0.081,0
10307,388.0,0.08928571428571429,False,282,0.5,0.081,0
246,287.0,0.2385204081632653,False,282,0.5,0.081,0
22037,505.0,0.20408163265306123,False,282,0.5,0.081,0
2770,312.5,0.13903061224489796,False,282,0.5,0.081,0
17741,462.0,0.2193877551020408,False,282,0.5,0.081,0
14615,431.0,0.11989795918367346,False,282,0.5,0.081,0
4909,334.0,0.09693877551020408,False,282,0.5,0.081,0
10773,392.5,0.15051020408163265,False,282,0.5,0.081,0
11293,397.5,0.22704081632653061,False,282,0.5,0.081,0
19126,476.0,0.16198979591836735,False,282,0.5,0.081,0
21226,497.0,0.16198979591836735,False,282,0.5,0.081,0
12795,412.5,0.2346938775510204,False,282,0.5,0.081,0
16985,454.5,0.19642857142857142,False,282,0.5,0.081,0
8806,373.0,0.08545918367346939,False,282,0.5,0.081,0
14438,429.0,0.20790816326530612,False,282,0.5,0.081,0
9008,375.0,0.09311224489795919,False,282,0.5,0.081,0
12971,414.5,0.14285714285714285,False,282,0.5,0.081,0
6267,347.5,0.12755102040816327,False,282,0.5,0.081,0
8104,366.0,0.0778061224489796,False,282,0.5,0.081,0
5642,341.0,0.2232142857142857,False,282,0.5,0.081,0
7856,363.5,0.08545918367346939,False,282,0.5,0.081,0
22799,512.5,0.25,False,282,0.5,0.081,0
902,294.0,0.07015306122448979,False,282,0.5,0.081,0
13645,421.0,0.2346938775510204,False,282,0.5,0.081,0
5241,337.0,0.2193877551020408,False,282,0.5,0.081,0
26096,545.5,0.2385204081632653,False,282,0.5,0.081,0
2735,312.0,0.19642857142857142,False,282,0.5,0.081,0
698,291.5,0.24617346938775508,False,282,0.5,0.081,0
12834,413.0,0.19260204081632654,False,282,0.5,0.081,0
13974,424.5,0.15433673469387754,False,282,0.5,0.081,0
10871,393.5,0.14285714285714285,False,282,0.5,0.081,0
26893,553.5,0.22704081632653061,False,282,0.5,0.081,0
23931,524.0,0.18112244897959184,False,282,0.5,0.081,0
12821,413.0,0.14285714285714285,False,282,0.5,0.081,0
23578,520.5,0.16964285714285715,False,282,0.5,0.081,0
2790,312.5,0.21556122448979592,False,282,0.5,0.081,0
9142,376.0,0.2232142857142857,False,282,0.5,0.081,0
3063,315.5,0.11224489795918367,False,282,0.5,0.081,0
2340,308.0,0.21556122448979592,False,282,0.5,0.081,0
16014,445.0,0.11607142857142858,False,282,0.5,0.081,0
15412,439.0,0.10841836734693877,False,282,0.5,0.081,0
4579,330.5,0.17346938775510204,False,282,0.5,0.081,0
6739,352.0,0.211734693877551,False,282,0.5,0.081,0
6683,351.5,0.18877551020408162,False,282,0.5,0.081,0
10848,393.0,0.24617346938775508,False,282,0.5,0.081,0
9406,379.0,0.08545918367346939,False,282,0.5,0.081,0
8059,365.5,0.09693877551020408,False,282,0.5,0.081,0
5521,340.0,0.14285714285714285,False,282,0.5,0.081,0
6557,350.5,0.08928571428571429,False,282,0.5,0.081,0
10487,389.5,0.20408163265306123,False,282,0.5,0.081,0
20433,489.0,0.18877551020408162,False,282,0.5,0.081,0
12406,409.0,0.08545918367346939,False,282,0.5,0.081,0
4290,327.5,0.21556122448979592,False,282,0.5,0.081,0
9999,384.5,0.25,False,282,0.5,0.081,0
24128,526.0,0.16964285714285715,False,282,0.5,0.081,0
25237,537.0,0.20408163265306123,False,282,0.5,0.081,0
13629,421.0,0.17346938775510204,False,282,0.5,0.081,0
7836,363.0,0.2002551020408163,False,282,0.5,0.081,0
6187,346.5,0.20408163265306123,False,282,0.5,0.081,0
8270,367.5,0.13903061224489796,False,282,0.5,0.081,0
15586,440.5,0.2002551020408163,False,282,0.5,0.081,0
1155,296.5,0.0816326530612245,False,282,0.5,0.081,0
5395,338.5,0.2346938775510204,False,282,0.5,0.081,0
152,286.5,0.07015306122448979,False,282,0.5,0.081,0
6310,348.0,0.10076530612244898,False,282,0.5,0.081,0
26198,546.5,0.24617346938775508,False,282,0.5,0.081,0
1804,303.0,0.0778061224489796,False,282,0.5,0.081,0
26832,553.0,0.18494897959183673,False,282,0.5,0.081,0
19486,479.5,0.2002551020408163,False,282,0.5,0.081,0
24341,528.0,0.2193877551020408,False,282,0.5,0.081,0
1522,300.0,0.14668367346938777,False,282,0.5,0.081,0
11520,400.0,0.13903061224489796,False,282,0.5,0.081,0
3396,318.5,0.2385204081632653,False,282,0.5,0.081,0
8318,368.0,0.13137755102040816,False,282,0.5,0.081,0
3965,324.5,0.11989795918367346,False,282,0.5,0.081,0
2692,311.5,0.2232142857142857,False,282,0.5,0.081,0
8854,373.5,0.0778061224489796,False,282,0.5,0.081,0
20536,490.0,0.2002551020408163,False,282,0.5,0.081,0
5500,340.0,0.0625,False,282,0.5,0.081,0
4083,325.5,0.18877551020408162,False,282,0.5,0.081,0
668,291.5,0.13137755102040816,False,282,0.5,0.081,0
20141,486.0,0.2193877551020408,False,282,0.5,0.081,0
12033,405.0,0.18877551020408162,False,282,0.5,0.081,0
1785,302.5,0.19642857142857142,False,282,0.5,0.081,0
4540,330.0,0.21556122448979592,False,282,0.5,0.081,0
6132,346.0,0.18494897959183673,False,282,0.5,0.081,0
18016,465.0,0.12372448979591837,False,282,0.5,0.081,0
10326,388.0,0.16198979591836735,False,282,0.5,0.081,0
23125,516.0,0.15816326530612246,False,282,0.5,0.081,0
15985,444.5,0.19642857142857142,False,282,0.5,0.081,0
6966,354.5,0.12372448979591837,False,282,0.5,0.081,0
11493,399.5,0.22704081632653061,False,282,0.5,0.081,0
6290,347.5,0.21556122448979592,False,282,0.5,0.081,0
6397,348.5,0.2423469387755102,False,282,0.5,0.081,0
25498,539.5,0.24617346938775508,False,282,0.5,0.081,0
11858,403.5,0.09311224489795919,False,282,0.5,0.081,0
9105,376.0,0.0816326530612245,False,282,0.5,0.081,0
26682,551.5,0.18494897959183673,False,282,0.5,0.081,0
13686,421.5,0.2002551020408163,False,282,0.5,0.081,0
4502,330.0,0.07015306122448979,False,282,0.5,0.081,0
6106,346.0,0.08545918367346939,False,282,0.5,0.081,0
6607,351.0,0.08928571428571429,False,282,0.5,0.081,0
21798,502.5,0.24617346938775508,False,282,0.5,0.081,0
1481,299.5,0.18112244897959184,False,282,0.5,0.081,0
25123,536.0,0.15051020408163265,True,282,0.5,0.081,0
18059,465.5,0.09693877551020408,True,282,0.5,0.081,0
15754,442.5,0.0778061224489796,True,282,0.5,0.081,0
19500,480.0,0.0625,True,282,0.5,0.081,0
23621,521.0,0.14285714285714285,True,282,0.5,0.081,0
23111,516.0,0.10459183673469388,True,282,0.5,0.081,0
27077,555.5,0.16581632653061223,True,282,0.5,0.081,0
18562,470.5,0.10841836734693877,True,282,0.5,0.081,0
22060,505.5,0.10076530612244898,True,282,0.5,0.081,0
22663,511.5,0.11224489795918367,True,282,0.5,0.081,0
25156,536.5,0.08545918367346939,True,282,0.5,0.081,0
23514,520.0,0.11607142857142858,True,282,0.5,0.081,0
25309,538.0,0.09693877551020408,True,282,0.5,0.081,0
24023,525.0,0.15051020408163265,True,282,0.5,0.081,0
22651,511.5,0.0663265306122449,True,282,0.5,0.081,0
23259,517.5,0.09693877551020408,True,282,0.5,0.081,0
25576,540.5,0.16198979591836735,True,282,0.5,0.081,0
25905,544.0,0.0816326530612245,True,282,0.5,0.081,0
26666,551.5,0.12372448979591837,True,282,0.5,0.081,0
21320,498.0,0.13903061224489796,True,282,0.5,0.081,0
20156,486.5,0.08545918367346939,True,282,0.5,0.081,0
20109,486.0,0.09693877551020408,True,282,0.5,0.081,0
17206,457.0,0.08545918367346939,True,282,0.5,0.081,0
27269,557.5,0.13520408163265307,True,282,0.5,0.081,0
17454,459.5,0.0778061224489796,True,282,0.5,0.081,0
25627,541.0,0.16581632653061223,True,282,0.5,0.081,0
17103,456.0,0.07397959183673469,True,282,0.5,0.081,0
15355,438.5,0.0816326530612245,True,282,0.5,0.081,0
27423,559.0,0.15051020408163265,True,282,0.5,0.081,0
19163,476.5,0.11224489795918367,True,282,0.5,0.081,0
25527,540.0,0.16581632653061223,True,282,0.5,0.081,0
25019,535.0,0.13520408163265307,True,282,0.5,0.081,0
27401,559.0,0.0663265306122449,True,282,0.5,0.081,0
25660,541.5,0.10076530612244898,True,282,0.5,0.081,0
18103,466.0,0.07397959183673469,True,282,0.5,0.081,0
24504,530.0,0.0778061224489796,True,282,0.5,0.081,0
14102,426.0,0.07015306122448979,True,282,0.5,0.081,0
19608,481.0,0.09311224489795919,True,282,0.5,0.081,0
23218,517.0,0.13137755102040816,True,282,0.5,0.081,0
25360,538.5,0.10076530612244898,True,282,0.5,0.081,0
23969,524.5,0.13520408163265307,True,282,0.5,0.081,0
24115,526.0,0.11989795918367346,True,282,0.5,0.081,0
23661,521.5,0.10459183673469388,True,282,0.5,0.081,0
22416,509.0,0.12372448979591837,True,282,0.5,0.081,0
20669,491.5,0.13520408163265307,True,282,0.5,0.081,0
26822,553.0,0.14668367346938777,True,282,0.5,0.081,0
21808,503.0,0.09311224489795919,True,282,0.5,0.081,0
11850,403.5,0.0625,True,282,0.5,0.081,0
22358,508.5,0.09311224489795919,True,282,0.5,0.081,0
21905,504.0,0.0816326530612245,True,282,0.5,0.081,0
13902,424.0,0.07015306122448979,True,282,0.5,0.081,0
22464,509.5,0.11607142857142858,True,282,0.5,0.081,0
17108,456.0,0.09311224489795919,True,282,0.5,0.081,0
24419,529.0,0.13520408163265307,True,282,0.5,0.081,0
17607,461.0,0.08928571428571429,True,282,0.5,0.081,0
21561,500.5,0.10459183673469388,True,282,0.5,0.081,0
25320,538.0,0.13903061224489796,True,282,0.5,0.081,0
17008,455.0,0.09311224489795919,True,282,0.5,0.081,0
22271,507.5,0.14285714285714285,True,282,0.5,0.081,0
21966,504.5,0.12372448979591837,True,282,0.5,0.081,0
24507,530.0,0.08928571428571429,True,282,0.5,0.081,0
19716,482.0,0.12372448979591837,True,282,0.5,0.081,0
21855,503.5,0.0816326530612245,True,282,0.5,0.081,0
26178,546.5,0.16964285714285715,True,282,0.5,0.081,0
26453,549.5,0.07397959183673469,True,282,0.5,0.081,0
25005,535.0,0.0816326530612245,True,282,0.5,0.081,0
22462,509.5,0.10841836734693877,True,282,0.5,0.081,0
25176,536.5,0.16198979591836735,True,282,0.5,0.081,0
15858,443.5,0.09311224489795919,True,282,0.5,0.081,0
22405,509.0,0.0816326530612245,True,282,0.5,0.081,0
13605,421.0,0.0816326530612245,True,282,0.5,0.081,0
23163,516.5,0.11224489795918367,True,282,0.5,0.081,0
18414,469.0,0.11607142857142858,True,282,0.5,0.081,0
25217,537.0,0.12755102040816327,True,282,0.5,0.081,0
16552,450.5,0.07015306122448979,True,282,0.5,0.081,0
11300,398.0,0.0625,True,282,0.5,0.081,0
26028,545.0,0.16964285714285715,True,282,0.5,0.081,0
27030,555.0,0.17729591836734693,True,282,0.5,0.081,0
22811,513.0,0.10459183673469388,True,282,0.5,0.081,0
24061,525.5,0.10459183673469388,True,282,0.5,0.081,0
15251,437.5,0.0663265306122449,True,282,0.5,0.081,0
27104,556.0,0.0778061224489796,True,282,0.5,0.081,0
19001,475.0,0.0663265306122449,True,282,0.5,0.081,0
18960,474.5,0.10076530612244898,True,282,0.5,0.081,0
17710,462.0,0.10076530612244898,True,282,0.5,0.081,0
14600,431.0,0.0625,True,282,0.5,0.081,0
22421,509.0,0.14285714285714285,True,282,0.5,0.081,0
15200,437.0,0.0625,True,282,0.5,0.081,0
12903,414.0,0.07397959183673469,True,282,0.5,0.081,0
26957,554.5,0.08928571428571429,True,282,0.5,0.081,0
23354,518.5,0.0778061224489796,True,282,0.5,0.081,0
23358,518.5,0.09311224489795919,True,282,0.5,0.081,0
20756,492.5,0.08545918367346939,True,282,0.5,0.081,0
21252,497.5,0.07015306122448979,True,282,0.5,0.081,0
14005,425.0,0.0816326530612245,True,282,0.5,0.081,0
17763,462.5,0.11224489795918367,True,282,0.5,0.081,0
18411,469.0,0.10459183673469388,True,282,0.5,0.081,0
23369,518.5,0.13520408163265307,True,282,0.5,0.081,0
22415,509.0,0.11989795918367346,True,282,0.5,0.081,0
19303,478.0,0.07397959183673469,True,282,0.5,0.081,0
22267,507.5,0.12755102040816327,True,282,0.5,0.081,0
27458,559.5,0.09311224489795919,True,282,0.5,0.081,0
19851,483.5,0.0663265306122449,True,282,0.5,0.081,0
24906,534.0,0.08545918367346939,True,282,0.5,0.081,0
26155,546.5,0.0816326530612245,True,282,0.5,0.081,0
26318,548.0,0.13137755102040816,True,282,0.5,0.081,0
23957,524.5,0.08928571428571429,True,282,0.5,0.081,0
17904,464.0,0.0778061224489796,True,282,0.5,0.081,0
17403,459.0,0.07397959183673469,True,282,0.5,0.081,0
20817,493.0,0.12755102040816327,True,282,0.5,0.081,0
21010,495.0,0.10076530612244898,True,282,0.5,0.081,0
25724,542.0,0.15433673469387754,True,282,0.5,0.081,0
16155,446.5,0.0816326530612245,True,282,0.5,0.081,0
22104,506.0,0.0778061224489796,True,282,0.5,0.081,0
24267,527.5,0.12755102040816327,True,282,0.5,0.081,0
25509,540.0,0.09693877551020408,True,282,0.5,0.081,0
26803,553.0,0.07397959183673469,True,282,0.5,0.081,0
26519,550.0,0.13520408163265307,True,282,0.5,0.081,0
18159,466.5,0.09693877551020408,True,282,0.5,0.081,0
13704,422.0,0.0778061224489796,True,282,0.5,0.081,0
24264,527.5,0.11607142857142858,True,282,0.5,0.081,0
27309,558.0,0.09693877551020408,True,282,0.5,0.081,0
24259,527.5,0.09693877551020408,True,282,0.5,0.081,0
18355,468.5,0.0816326530612245,True,282,0.5,0.081,0
25903,544.0,0.07397959183673469,True,282,0.5,0.081,0
22252,507.5,0.07015306122448979,True,282,0.5,0.081,0
26224,547.0,0.15433673469387754,True,282,0.5,0.081,0
27015,555.0,0.11989795918367346,True,282,0.5,0.081,0
21168,496.5,0.13137755102040816,True,282,0.5,0.081,0
25256,537.5,0.08545918367346939,True,282,0.5,0.081,0
26520,550.0,0.13903061224489796,True,282,0.5,0.081,0
23853,523.5,0.07397959183673469,True,282,0.5,0.081,0
26053,545.5,0.07397959183673469,True,282,0.5,0.081,0
11702,402.0,0.07015306122448979,True,282,0.5,0.081,0
25964,544.5,0.11607142857142858,True,282,0.5,0.081,0
23911,524.0,0.10459183673469388,True,282,0.5,0.081,0
26968,554.5,0.13137755102040816,True,282,0.5,0.081,0
25979,544.5,0.17346938775510204,True,282,0.5,0.081,0
26409,549.0,0.09693877551020408,True,282,0.5,0.081,0
26362,548.5,0.10841836734693877,True,282,0.5,0.081,0
14756,432.5,0.08545918367346939,True,282,0.5,0.081,0
18565,470.5,0.11989795918367346,True,282,0.5,0.081,0
25061,535.5,0.10459183673469388,True,282,0.5,0.081,0
22766,512.5,0.12372448979591837,True,282,0.5,0.081,0
26950,554.5,0.0625,True,282,0.5,0.081,0
17252,457.5,0.07015306122448979,True,282,0.5,0.081,0
25518,540.0,0.13137755102040816,True,282,0.5,0.081,0
23920,524.0,0.13903061224489796,True,282,0.5,0.081,0
26757,552.5,0.08928571428571429,True,282,0.5,0.081,0
20866,493.5,0.12372448979591837,True,282,0.5,0.081,0
17651,461.5,0.0663265306122449,True,282,0.5,0.081,0
22720,512.0,0.13903061224489796,True,282,0.5,0.081,0
20957,494.5,0.08928571428571429,True,282,0.5,0.081,0
15550,440.5,0.0625,True,282,0.5,0.081,0
24062,525.5,0.10841836734693877,True,282,0.5,0.081,0
18812,473.0,0.10841836734693877,True,282,0.5,0.081,0
26708,552.0,0.09311224489795919,True,282,0.5,0.081,0
24670,531.5,0.13903061224489796,True,282,0.5,0.081,0
27303,558.0,0.07397959183673469,True,282,0.5,0.081,0
26529,550.0,0.17346938775510204,True,282,0.5,0.081,0
26261,547.5,0.10459183673469388,True,282,0.5,0.081,0
22752,512.5,0.07015306122448979,True,282,0.5,0.081,0
24953,534.5,0.07397959183673469,True,282,0.5,0.081,0
26480,549.5,0.17729591836734693,True,282,0.5,0.081,0
25655,541.5,0.0816326530612245,True,282,0.5,0.081,0
19112,476.0,0.10841836734693877,True,282,0.5,0.081,0
22970,514.5,0.13903061224489796,True,282,0.5,0.081,0
21554,500.5,0.0778061224489796,True,282,0.5,0.081,0
25753,542.5,0.07397959183673469,True,282,0.5,0.081,0
17901,464.0,0.0663265306122449,True,282,0.5,0.081,0
27403,559.0,0.07397959183673469,True,282,0.5,0.081,0
22161,506.5,0.10459183673469388,True,282,0.5,0.081,0
22912,514.0,0.10841836734693877,True,282,0.5,0.081,0
26713,552.0,0.11224489795918367,True,282,0.5,0.081,0
23371,518.5,0.14285714285714285,True,282,0.5,0.081,0
25553,540.5,0.07397959183673469,True,282,0.5,0.081,0
15158,436.5,0.09311224489795919,True,282,0.5,0.081,0
23361,518.5,0.10459183673469388,True,282,0.5,0.081,0
17952,464.5,0.07015306122448979,True,282,0.5,0.081,0
25910,544.0,0.10076530612244898,True,282,0.5,0.081,0
16651,451.5,0.0663265306122449,True,282,0.5,0.081,0
18956,474.5,0.08545918367346939,True,282,0.5,0.081,0
23213,517.0,0.11224489795918367,True,282,0.5,0.081,0
23022,515.0,0.14668367346938777,True,282,0.5,0.081,0
18252,467.5,0.07015306122448979,True,282,0.5,0.081,0
21015,495.0,0.11989795918367346,True,282,0.5,0.081,0
21859,503.5,0.09693877551020408,True,282,0.5,0.081,0
20467,489.5,0.12755102040816327,True,282,0.5,0.081,0
10851,393.5,0.0663265306122449,True,282,0.5,0.081,0
25052,535.5,0.07015306122448979,True,282,0.5,0.081,0
17351,458.5,0.0663265306122449,True,282,0.5,0.081,0
24309,528.0,0.09693877551020408,True,282,0.5,0.081,0
12503,410.0,0.07397959183673469,True,282,0.5,0.081,0
23051,515.5,0.0663265306122449,True,282,0.5,0.081,0
12703,412.0,0.07397959183673469,True,282,0.5,0.081,0
23411,519.0,0.10459183673469388,True,282,0.5,0.081,0
22852,513.5,0.07015306122448979,True,282,0.5,0.081,0
22567,510.5,0.12755102040816327,True,282,0.5,0.081,0
12701,412.0,0.0663265306122449,True,282,0.5,0.081,0
13604,421.0,0.0778061224489796,True,282,0.5,0.081,0
26116,546.0,0.12372448979591837,True,282,0.5,0.081,0
14201,427.0,0.0663265306122449,True,282,0.5,0.081,0
26051,545.5,0.0663265306122449,True,282,0.5,0.081,0
16803,453.0,0.07397959183673469,True,282,0.5,0.081,0
21707,502.0,0.08928571428571429,True,282,0.5,0.081,0
21403,499.0,0.07397959183673469,True,282,0.5,0.081,0
23664,521.5,0.11607142857142858,True,282,0.5,0.081,0
25418,539.0,0.13137755102040816,True,282,0.5,0.081,0
22000,505.0,0.0625,True,282,0.5,0.081,0
19013,475.0,0.11224489795918367,True,282,0.5,0.081,0
22108,506.0,0.09311224489795919,True,282,0.5,0.081,0
16804,453.0,0.0778061224489796,True,282,0.5,0.081,0
16406,449.0,0.08545918367346939,True,282,0.5,0.081,0
10450,389.5,0.0625,True,282,0.5,0.081,0
24562,530.5,0.10841836734693877,True,282,0.5,0.081,0
27468,559.5,0.13137755102040816,True,282,0.5,0.081,0
19164,476.5,0.11607142857142858,True,282,0.5,0.081,0
21915,504.0,0.11989795918367346,True,282,0.5,0.081,0
17300,458.0,0.0625,True,282,0.5,0.081,0
19614,481.0,0.11607142857142858,True,282,0.5,0.081,0
26106,546.0,0.08545918367346939,True,282,0.5,0.081,0
24654,531.5,0.0778061224489796,True,282,0.5,0.081,0
26607,551.0,0.08928571428571429,True,282,0.5,0.081,0
15056,435.5,0.08545918367346939,True,282,0.5,0.081,0
25203,537.0,0.07397959183673469,True,282,0.5,0.081,0
19501,480.0,0.0663265306122449,True,282,0.5,0.081,0
14908,434.0,0.09311224489795919,True,282,0.5,0.081,0
18604,471.0,0.0778061224489796,True,282,0.5,0.081,0
25555,540.5,0.0816326530612245,True,282,0.5,0.081,0
25312,538.0,0.10841836734693877,True,282,0.5,0.081,0
17555,460.5,0.0816326530612245,True,282,0.5,0.081,0
25517,540.0,0.12755102040816327,True,282,0.5,0.081,0
15255,437.5,0.0816326530612245,True,282,0.5,0.081,0
25516,540.0,0.12372448979591837,True,282,0.5,0.081,0
20112,486.0,0.10841836734693877,True,282,0.5,0.081,0
27175,556.5,0.15816326530612246,True,282,0.5,0.081,0
26158,546.5,0.09311224489795919,True,282,0.5,0.081,0
23059,515.5,0.09693877551020408,True,282,0.5,0.081,0
20050,485.5,0.0625,True,282,0.5,0.081,0
25404,539.0,0.0778061224489796,True,282,0.5,0.081,0
14856,433.5,0.08545918367346939,True,282,0.5,0.081,0
25371,538.5,0.14285714285714285,True,282,0.5,0.081,0
26769,552.5,0.13520408163265307,True,282,0.5,0.081,0
24866,533.5,0.12372448979591837,True,282,0.5,0.081,0
25970,544.5,0.13903061224489796,True,282,0.5,0.081,0
22222,507.0,0.14668367346938777,True,282,0.5,0.081,0
21959,504.5,0.09693877551020408,True,282,0.5,0.081,0
25463,539.5,0.11224489795918367,True,282,0.5,0.081,0
21717,502.0,0.12755102040816327,True,282,0.5,0.081,0
24662,531.5,0.10841836734693877,True,282,0.5,0.081,0
24017,525.0,0.12755102040816327,True,282,0.5,0.081,0
22456,509.5,0.08545918367346939,True,282,0.5,0.081,0
26774,552.5,0.15433673469387754,True,282,0.5,0.081,0
25706,542.0,0.08545918367346939,True,282,0.5,0.081,0
23757,522.5,0.08928571428571429,True,282,0.5,0.081,0
16305,448.0,0.0816326530612245,True,282,0.5,0.081,0
25154,536.5,0.0778061224489796,True,282,0.5,0.081,0
13153,416.5,0.07397959183673469,True,282,0.5,0.081,0
23508,520.0,0.09311224489795919,True,282,0.5,0.081,0
16461,449.5,0.10459183673469388,True,282,0.5,0.081,0
27068,555.5,0.13137755102040816,True,282,0.5,0.081,0
27321,558.0,0.14285714285714285,True,282,0.5,0.081,0
26254,547.5,0.0778061224489796,True,282,0.5,0.081,0
25908,544.0,0.09311224489795919,True,282,0.5,0.081,0
26165,546.5,0.11989795918367346,True,282,0.5,0.081,0
22015,505.0,0.11989795918367346,True,282,0.5,0.081,0
26055,545.5,0.0816326530612245,True,282,0.5,0.081,0
26506,550.0,0.08545918367346939,True,282,0.5,0.081,0
26063,545.5,0.11224489795918367,True,282,0.5,0.081,0
12953,414.5,0.07397959183673469,True,282,0.5,0.081,0
24950,534.5,0.0625,True,282,0.5,0.081,0
17960,464.5,0.10076530612244898,True,282,0.5,0.081,0
25560,540.5,0.10076530612244898,True,282,0.5,0.081,0
26922,554.0,0.14668367346938777,True,282,0.5,0.081,0
18456,469.5,0.08545918367346939,True,282,0.5,0.081,0
17702,462.0,0.07015306122448979,True,282,0.5,0.081,0
18212,467.0,0.10841836734693877,True,282,0.5,0.081,0
24776,532.5,0.16198979591836735,True,282,0.5,0.081,0
27172,556.5,0.14668367346938777,True,282,0.5,0.081,0
13155,416.5,0.0816326530612245,True,282,0.5,0.081,0
24768,532.5,0.13137755102040816,True,282,0.5,0.081,0
26973,554.5,0.15051020408163265,True,282,0.5,0.081,0
25072,535.5,0.14668367346938777,True,282,0.5,0.081,0
16304,448.0,0.0778061224489796,True,282,0.5,0.081,0
16754,452.5,0.0778061224489796,True,282,0.5,0.081,0
16603,451.0,0.07397959183673469,True,282,0.5,0.081,0
21961,504.5,0.10459183673469388,True,282,0.5,0.081,0
11750,402.5,0.0625,True,282,0.5,0.081,0
19712,482.0,0.10841836734693877,True,282,0.5,0.081,0
20952,494.5,0.07015306122448979,True,282,0.5,0.081,0
25769,542.5,0.13520408163265307,True,282,0.5,0.081,0
20059,485.5,0.09693877551020408,True,282,0.5,0.081,0
19906,484.0,0.08545918367346939,True,282,0.5,0.081,0
16555,450.5,0.0816326530612245,True,282,0.5,0.081,0
27066,555.5,0.12372448979591837,True,282,0.5,0.081,0
27311,558.0,0.10459183673469388,True,282,0.5,0.081,0
21417,499.0,0.12755102040816327,True,282,0.5,0.081,0
22611,511.0,0.10459183673469388,True,282,0.5,0.081,0
25958,544.5,0.09311224489795919,True,282,0.5,0.081,0
26056,545.5,0.08545918367346939,True,282,0.5,0.081,0
14100,426.0,0.0625,True,282,0.5,0.081,0
22512,510.0,0.10841836734693877,True,282,0.5,0.081,0
26813,553.0,0.11224489795918367,True,282,0.5,0.081,0
18358,468.5,0.09311224489795919,True,282,0.5,0.081,0
19616,481.0,0.12372448979591837,True,282,0.5,0.081,0
17161,456.5,0.10459183673469388,True,282,0.5,0.081,0
23108,516.0,0.09311224489795919,True,282,0.5,0.081,0
20065,485.5,0.11989795918367346,True,282,0.5,0.081,0
14605,431.0,0.0816326530612245,True,282,0.5,0.081,0
26677,551.5,0.16581632653061223,True,282,0.5,0.081,0
19458,479.5,0.09311224489795919,True,282,0.5,0.081,0
15204,437.0,0.0778061224489796,True,282,0.5,0.081,0
19416,479.0,0.12372448979591837,True,282,0.5,0.081,0
21167,496.5,0.12755102040816327,True,282,0.5,0.081,0
22812,513.0,0.10841836734693877,True,282,0.5,0.081,0
18102,466.0,0.07015306122448979,True,282,0.5,0.081,0
24323,528.0,0.15051020408163265,True,282,0.5,0.081,0
22152,506.5,0.07015306122448979,True,282,0.5,0.081,0
12504,410.0,0.0778061224489796,True,282,0.5,0.081,0
26929,554.0,0.17346938775510204,True,282,0.5,0.081,0
23065,515.5,0.11989795918367346,True,282,0.5,0.081,0
20804,493.0,0.0778061224489796,True,282,0.5,0.081,0
13804,423.0,0.0778061224489796,True,282,0.5,0.081,0
26525,550.0,0.15816326530612246,True,282,0.5,0.081,0
15703,442.0,0.07397959183673469,True,282,0.5,0.081,0
16505,450.0,0.0816326530612245,True,282,0.5,0.081,0
27316,558.0,0.12372448979591837,True,282,0.5,0.081,0
19607,481.0,0.08928571428571429,True,282,0.5,0.081,0
17561,460.5,0.10459183673469388,True,282,0.5,0.081,0
17753,462.5,0.07397959183673469,True,282,0.5,0.081,0
21208,497.0,0.09311224489795919,True,282,0.5,0.081,0
25259,537.5,0.09693877551020408,True,282,0.5,0.081,0
21457,499.5,0.08928571428571429,True,282,0.5,0.081,0
25521,540.0,0.14285714285714285,True,282,0.5,0.081,0
25009,535.0,0.09693877551020408,True,282,0.5,0.081,0
14850,433.5,0.0625,True,282,0.5,0.081,0
26721,552.0,0.14285714285714285,True,282,0.5,0.081,0
22459,509.5,0.09693877551020408,True,282,0.5,0.081,0
21864,503.5,0.11607142857142858,True,282,0.5,0.081,0
19863,483.5,0.11224489795918367,True,282,0.5,0.081,0
26010,545.0,0.10076530612244898,True,282,0.5,0.081,0
18813,473.0,0.11224489795918367,True,282,0.5,0.081,0
20954,494.5,0.0778061224489796,True,282,0.5,0.081,0
14654,431.5,0.0778061224489796,True,282,0.5,0.081,0
13654,421.5,0.0778061224489796,True,282,0.5,0.081,0
20259,487.5,0.09693877551020408,True,282,0.5,0.081,0
21756,502.5,0.08545918367346939,True,282,0.5,0.081,0
21956,504.5,0.08545918367346939,True,282,0.5,0.081,0
19415,479.0,0.11989795918367346,True,282,0.5,0.081,0
18363,468.5,0.11224489795918367,True,282,0.5,0.081,0
24955,534.5,0.0816326530612245,True,282,0.5,0.081,0
26915,554.0,0.11989795918367346,True,282,0.5,0.081,0
26112,546.0,0.10841836734693877,True,282,0.5,0.081,0
20101,486.0,0.0663265306122449,True,282,0.5,0.081,0
23167,516.5,0.12755102040816327,True,282,0.5,0.081,0
22953,514.5,0.07397959183673469,True,282,0.5,0.081,0
26204,547.0,0.0778061224489796,True,282,0.5,0.081,0
21259,497.5,0.09693877551020408,True,282,0.5,0.081,0
18563,470.5,0.11224489795918367,True,282,0.5,0.081,0
23160,516.5,0.10076530612244898,True,282,0.5,0.081,0
26267,547.5,0.12755102040816327,True,282,0.5,0.081,0
25975,544.5,0.15816326530612246,True,282,0.5,0.081,0
26179,546.5,0.17346938775510204,True,282,0.5,0.081,0
27228,557.0,0.16964285714285715,True,282,0.5,0.081,0
10200,387.0,0.0625,True,282,0.5,0.081,0
20416,489.0,0.12372448979591837,True,282,0.5,0.081,0
18008,465.0,0.09311224489795919,True,282,0.5,0.081,0
19902,484.0,0.07015306122448979,True,282,0.5,0.081,0
10850,393.5,0.0625,True,282,0.5,0.081,0
23506,520.0,0.08545918367346939,True,282,0.5,0.081,0
21112,496.0,0.10841836734693877,True,282,0.5,0.081,0
26312,548.0,0.10841836734693877,True,282,0.5,0.081,0
18761,472.5,0.10459183673469388,True,282,0.5,0.081,0
23266,517.5,0.12372448979591837,True,282,0.5,0.081,0
27074,555.5,0.15433673469387754,True,282,0.5,0.081,0
17712,462.0,0.10841836734693877,True,282,0.5,0.081,0
16455,449.5,0.0816326530612245,True,282,0.5,0.081,0
21552,500.5,0.07015306122448979,True,282,0.5,0.081,0
24325,528.0,0.15816326530612246,True,282,0.5,0.081,0
23524,520.0,0.15433673469387754,True,282,0.5,0.081,0
16100,446.0,0.0625,True,282,0.5,0.081,0
21852,503.5,0.07015306122448979,True,282,0.5,0.081,0
23014,515.0,0.11607142857142858,True,282,0.5,0.081,0
17410,459.0,0.10076530612244898,True,282,0.5,0.081,0
14052,425.5,0.07015306122448979,True,282,0.5,0.081,0
24876,533.5,0.16198979591836735,True,282,0.5,0.081,0
27014,555.0,0.11607142857142858,True,282,0.5,0.081,0
20013,485.0,0.11224489795918367,True,282,0.5,0.081,0
14554,430.5,0.0778061224489796,True,282,0.5,0.081,0
21410,499.0,0.10076530612244898,True,282,0.5,0.081,0
17412,459.0,0.10841836734693877,True,282,0.5,0.081,0
21669,501.5,0.13520408163265307,True,282,0.5,0.081,0
22203,507.0,0.07397959183673469,True,282,0.5,0.081,0
26954,554.5,0.0778061224489796,True,282,0.5,0.081,0
26415,549.0,0.11989795918367346,True,282,0.5,0.081,0
16808,453.0,0.09311224489795919,True,282,0.5,0.081,0
23157,516.5,0.08928571428571429,True,282,0.5,0.081,0
26556,550.5,0.08545918367346939,True,282,0.5,0.081,0
24006,525.0,0.08545918367346939,True,282,0.5,0.081,0
18463,469.5,0.11224489795918367,True,282,0.5,0.081,0
21569,500.5,0.13520408163265307,True,282,0.5,0.081,0
24154,526.5,0.0778061224489796,True,282,0.5,0.081,0
23408,519.0,0.09311224489795919,True,282,0.5,0.081,0
23916,524.0,0.12372448979591837,True,282,0.5,0.081,0
23414,519.0,0.11607142857142858,True,282,0.5,0.081,0
18253,467.5,0.07397959183673469,True,282,0.5,0.081,0
26817,553.0,0.12755102040816327,True,282,0.5,0.081,0
22955,514.5,0.0816326530612245,True,282,0.5,0.081,0
25972,544.5,0.14668367346938777,True,282,0.5,0.081,0
21414,499.0,0.11607142857142858,True,282,0.5,0.081,0
21407,499.0,0.08928571428571429,True,282,0.5,0.081,0
25920,544.0,0.13903061224489796,True,282,0.5,0.081,0
21661,501.5,0.10459183673469388,True,282,0.5,0.081,0
26613,551.0,0.11224489795918367,True,282,0.5,0.081,0
26060,545.5,0.10076530612244898,True,282,0.5,0.081,0
26974,554.5,0.15433673469387754,True,282,0.5,0.081,0
16051,445.5,0.0663265306122449,True,282,0.5,0.081,0
20718,492.0,0.13137755102040816,True,282,0.5,0.081,0
16403,449.0,0.07397959183673469,True,282,0.5,0.081,0
18264,467.5,0.11607142857142858,True,282,0.5,0.081,0
24873,533.5,0.15051020408163265,True,282,0.5,0.081,0
26907,554.0,0.08928571428571429,True,282,0.5,0.081,0
27126,556.0,0.16198979591836735,True,282,0.5,0.081,0
23207,517.0,0.08928571428571429,True,282,0.5,0.081,0
22458,509.5,0.09311224489795919,True,282,0.5,0.081,0
20658,491.5,0.09311224489795919,True,282,0.5,0.081,0
24206,527.0,0.08545918367346939,True,282,0.5,0.081,0
17209,457.0,0.09693877551020408,True,282,0.5,0.081,0
21509,500.0,0.09693877551020408,True,282,0.5,0.081,0
26620,551.0,0.13903061224489796,True,282,0.5,0.081,0
17659,461.5,0.09693877551020408,True,282,0.5,0.081,0
19900,484.0,0.0625,True,282,0.5,0.081,0
17457,459.5,0.08928571428571429,True,282,0.5,0.081,0
21064,495.5,0.11607142857142858,True,282,0.5,0.081,0
26767,552.5,0.12755102040816327,True,282,0.5,0.081,0
27264,557.5,0.11607142857142858,True,282,0.5,0.081,0
18151,466.5,0.0663265306122449,True,282,0.5,0.081,0
19508,480.0,0.09311224489795919,True,282,0.5,0.081,0
18114,466.0,0.11607142857142858,True,282,0.5,0.081,0
24656,531.5,0.08545918367346939,True,282,0.5,0.081,0
20763,492.5,0.11224489795918367,True,282,0.5,0.081,0
26728,552.0,0.16964285714285715,True,282,0.5,0.081,0
21507,500.0,0.08928571428571429,True,282,0.5,0.081,0
22759,512.5,0.09693877551020408,True,282,0.5,0.081,0
27432,559.0,0.18494897959183673,True,282,0.5,0.081,0
16656,451.5,0.08545918367346939,True,282,0.5,0.081,0
26755,552.5,0.0816326530612245,True,282,0.5,0.081,0
13755,422.5,0.0816326530612245,True,282,0.5,0.081,0
14501,430.0,0.0663265306122449,True,282,0.5,0.081,0
25475,539.5,0.15816326530612246,True,282,0.5,0.081,0
14056,425.5,0.08545918367346939,True,282,0.5,0.081,0
20714,492.0,0.11607142857142858,True,282,0.5,0.081,0
25267,537.5,0.12755102040816327,True,282,0.5,0.081,0
22472,509.5,0.14668367346938777,True,282,0.5,0.081,0
23460,519.5,0.10076530612244898,True,282,0.5,0.081,0
26326,548.0,0.16198979591836735,True,282,0.5,0.081,0
25520,540.0,0.13903061224489796,True,282,0.5,0.081,0
22873,513.5,0.15051020408163265,True,282,0.5,0.081,0
20501,490.0,0.0663265306122449,True,282,0.5,0.081,0
26513,550.0,0.11224489795918367,True,282,0.5,0.081,0
24509,530.0,0.09693877551020408,True,282,0.5,0.081,0
15652,441.5,0.07015306122448979,True,282,0.5,0.081,0
22212,507.0,0.10841836734693877,True,282,0.5,0.081,0
16859,453.5,0.09693877551020408,True,282,0.5,0.081,0
12501,410.0,0.0663265306122449,True,282,0.5,0.081,0
15353,438.5,0.07397959183673469,True,282,0.5,0.081,0
14305,428.0,0.0816326530612245,True,282,0.5,0.081,0
22018,505.0,0.13137755102040816,True,282,0.5,0.081,0
27418,559.0,0.13137755102040816,True,282,0.5,0.081,0
18914,474.0,0.11607142857142858,True,282,0.5,0.081,0
22661,511.5,0.10459183673469388,True,282,0.5,0.081,0
27159,556.5,0.09693877551020408,True,282,0.5,0.081,0
18163,466.5,0.11224489795918367,True,282,0.5,0.081,0
22050,505.5,0.0625,True,282,0.5,0.081,0
25076,535.5,0.16198979591836735,True,282,0.5,0.081,0
17055,455.5,0.0816326530612245,True,282,0.5,0.081,0
13553,420.5,0.07397959183673469,True,282,0.5,0.081,0
23516,520.0,0.12372448979591837,True,282,0.5,0.081,0
26818,553.0,0.13137755102040816,True,282,0.5,0.081,0
23558,520.5,0.09311224489795919,True,282,0.5,0.081,0
24922,534.0,0.14668367346938777,True,282,0.5,0.081,0
17350,458.5,0.0625,True,282,0.5,0.081,0
12704,412.0,0.0778061224489796,True,282,0.5,0.081,0
14454,429.5,0.0778061224489796,True,282,0.5,0.081,0
25765,542.5,0.11989795918367346,True,282,0.5,0.081,0
24019,525.0,0.13520408163265307,True,282,0.5,0.081,0
24675,531.5,0.15816326530612246,True,282,0.5,0.081,0
25916,544.0,0.12372448979591837,True,282,0.5,0.081,0
26209,547.0,0.09693877551020408,True,282,0.5,0.081,0
21413,499.0,0.11224489795918367,True,282,0.5,0.081,0
19814,483.0,0.11607142857142858,True,282,0.5,0.081,0
19116,476.0,0.12372448979591837,True,282,0.5,0.081,0
16660,451.5,0.10076530612244898,True,282,0.5,0.081,0
21119,496.0,0.13520408163265307,True,282,0.5,0.081,0
22767,512.5,0.12755102040816327,True,282,0.5,0.081,0
22356,508.5,0.08545918367346939,True,282,0.5,0.081,0
20653,491.5,0.07397959183673469,True,282,0.5,0.081,0
25407,539.0,0.08928571428571429,True,282,0.5,0.081,0
22919,514.0,0.13520408163265307,True,282,0.5,0.081,0
18755,472.5,0.0816326530612245,True,282,0.5,0.081,0
